Data;Fix;Top;Premium M.;Premium F.;Multiprev M.;Multiprev F.;Previdence;XP Prev;Access;Synta;Capit D. Inc;Capit D. Inc F.;Aquila6;Strategy;CW1;Inflation;Index;Alfa;Harpia;Emb;Portfolio;Multi;Volks Fusca;Fcopel;SÃ£o Paulo;Reit ;Reit 90
02/01/2019;60%;54%;-13%;-22%;26%;20%;53%;#N/D;10%;635%;249%;223%;-143%;-1106%;497%;57%;38%;339%;690%;127%;-787%;-787%;871%;572%;270%;-361%;554%
03/01/2019;179%;173%;218%;209%;249%;237%;205%;#N/D;270%;-319%;69%;60%;933%;786%;1556%;750%;724%;417%;463%;127%;2%;-7%;332%;1266%;86%;4822%;2752%
04/01/2019;106%;100%;129%;119%;98%;90%;100%;#N/D;111%;154%;139%;124%;80%;-13%;368%;164%;145%;242%;257%;127%;4%;-6%;-113%;285%;14%;179%;824%
07/01/2019;83%;77%;85%;76%;43%;36%;44%;#N/D;51%;67%;143%;122%;249%;630%;478%;49%;30%;8%;-8%;126%;6%;-4%;-328%;390%;-24%;2310%;1150%
08/01/2019;136%;130%;154%;141%;167%;157%;154%;#N/D;172%;203%;143%;122%;243%;128%;598%;206%;185%;51%;49%;129%;5%;-5%;218%;246%;31%;257%;786%
09/01/2019;219%;213%;327%;291%;243%;232%;209%;#N/D;241%;251%;143%;122%;677%;608%;914%;425%;403%;518%;567%;129%;4%;-6%;671%;961%;85%;1850%;2224%
10/01/2019;84%;77%;10%;12%;132%;123%;142%;#N/D;199%;196%;143%;122%;-215%;-332%;-497%;-51%;-69%;95%;88%;133%;5%;-6%;-112%;-479%;-3%;-2213%;-3497%
11/01/2019;112%;106%;119%;108%;125%;116%;100%;#N/D;101%;51%;160%;136%;-1%;48%;-325%;163%;143%;98%;72%;270%;7%;-3%;230%;20%;14%;36%;2434%
14/01/2019;115%;109%;120%;109%;97%;89%;106%;#N/D;104%;125%;178%;150%;263%;-3%;410%;163%;143%;-1994%;45%;208%;9%;-2%;573%;532%;38%;611%;802%
15/01/2019;12%;6%;90%;83%;72%;64%;23%;#N/D;92%;79%;254%;209%;205%;494%;254%;145%;125%;28%;49%;196%;6%;-4%;-75%;252%;30%;945%;730%
16/01/2019;222%;216%;175%;157%;126%;117%;110%;#N/D;149%;162%;143%;122%;463%;388%;534%;255%;234%;176%;166%;167%;6%;-5%;90%;644%;26%;1944%;1069%
17/01/2019;117%;111%;133%;120%;101%;93%;93%;#N/D;80%;111%;173%;146%;147%;195%;704%;100%;81%;139%;158%;168%;6%;-5%;-1015%;200%;54%;192%;117%
18/01/2019;79%;73%;95%;87%;64%;57%;-33%;#N/D;43%;80%;158%;134%;-16%;-150%;736%;74%;55%;106%;121%;168%;6%;-5%;18%;2%;48%;-27%;-689%
21/01/2019;78%;72%;99%;91%;77%;69%;70%;#N/D;114%;78%;158%;134%;577%;1076%;997%;374%;353%;75%;68%;171%;7%;-4%;18%;950%;18%;3454%;2076%
22/01/2019;156%;150%;157%;141%;107%;99%;99%;#N/D;104%;70%;163%;138%;299%;519%;222%;148%;161%;199%;201%;172%;6%;-4%;79%;588%;27%;1265%;42%
23/01/2019;101%;95%;119%;108%;98%;90%;101%;#N/D;128%;150%;163%;138%;37%;-137%;-302%;63%;34%;284%;269%;183%;4%;-6%;94%;172%;1371%;-498%;298%
24/01/2019;103%;97%;108%;98%;175%;165%;156%;#N/D;200%;132%;161%;136%;147%;-48%;260%;56%;53%;-16%;-23%;169%;4%;-6%;71%;-66%;29%;-509%;-381%
25/01/2019;112%;106%;124%;112%;104%;96%;96%;#N/D;121%;120%;163%;138%;94%;22%;123%;81%;78%;120%;119%;177%;5%;-6%;78%;97%;45%;-6%;2%
28/01/2019;124%;118%;140%;126%;152%;143%;141%;#N/D;175%;149%;163%;138%;4%;-328%;56%;15%;13%;68%;51%;177%;6%;-4%;72%;-132%;53%;-1447%;-859%
29/01/2019;123%;117%;137%;124%;139%;129%;116%;#N/D;156%;131%;163%;138%;505%;613%;132%;215%;210%;370%;341%;177%;5%;-6%;97%;895%;63%;2744%;1829%
30/01/2019;-24%;-30%;-53%;-42%;25%;18%;33%;#N/D;-6%;56%;163%;138%;-410%;-153%;-391%;-278%;-278%;22%;13%;177%;5%;-6%;52%;-211%;-8%;-880%;-542%
31/01/2019;301%;295%;384%;339%;252%;240%;212%;#N/D;329%;186%;163%;138%;679%;133%;828%;411%;405%;610%;553%;177%;5%;-6%;76%;657%;87%;934%;598%
01/02/2019;-4%;-10%;-33%;-23%;9%;3%;39%;#N/D;-47%;138%;415%;336%;-196%;-143%;559%;-244%;-244%;422%;389%;177%;-72%;-83%;-4122%;435%;-5117%;432%;272%
04/02/2019;26%;20%;41%;40%;43%;36%;42%;#N/D;-51%;-7%;110%;97%;6%;165%;-602%;86%;83%;-19%;-3%;177%;6%;-4%;77%;16%;36%;-47%;87%
05/02/2019;107%;101%;119%;108%;113%;104%;99%;#N/D;114%;103%;155%;132%;569%;816%;91%;286%;281%;2%;3%;178%;4%;-7%;77%;530%;31%;2770%;80%
06/02/2019;65%;59%;25%;26%;110%;101%;114%;#N/D;120%;133%;247%;204%;145%;-94%;-633%;-118%;-119%;-15%;1%;176%;5%;-6%;77%;-7%;24%;63%;-398%
07/02/2019;250%;244%;373%;329%;295%;282%;266%;#N/D;420%;341%;172%;145%;46%;-845%;84%;-101%;-102%;-67%;-49%;180%;5%;-6%;55%;-736%;29%;-3072%;1847%
08/02/2019;-1%;-7%;-25%;-17%;29%;22%;26%;#N/D;-24%;-64%;2215%;1762%;-63%;12%;58%;76%;73%;-327%;-317%;7%;4%;-7%;78%;-436%;17%;21%;133%
11/02/2019;35%;29%;-35%;-27%;52%;44%;-53%;#N/D;107%;80%;69%;64%;-249%;-456%;233%;-7%;-10%;-3814%;-4773%;171%;6%;-4%;78%;-304%;67%;-1493%;476%
12/02/2019;84%;78%;104%;95%;86%;78%;148%;#N/D;78%;59%;141%;121%;105%;153%;546%;99%;96%;395%;370%;171%;5%;-5%;78%;407%;65%;245%;174%
13/02/2019;97%;91%;88%;81%;89%;81%;76%;#N/D;70%;51%;52%;50%;43%;5%;90%;104%;100%;386%;360%;171%;5%;-5%;78%;282%;69%;-68%;364%
14/02/2019;97%;91%;86%;79%;72%;64%;71%;#N/D;26%;51%;113%;175%;107%;-148%;609%;75%;72%;369%;352%;111%;5%;-5%;78%;297%;-216%;-115%;722%
15/02/2019;114%;108%;94%;87%;188%;178%;154%;#N/D;258%;131%;124%;178%;295%;-75%;-9%;-77%;-78%;529%;651%;215%;-886%;-908%;-186%;784%;-359%;1322%;1054%
18/02/2019;119%;114%;144%;130%;293%;280%;233%;#N/D;194%;123%;107%;-54%;323%;124%;-293%;90%;87%;-115%;-216%;174%;9%;-1%;77%;144%;38%;933%;1159%
19/02/2019;75%;68%;29%;28%;165%;155%;175%;#N/D;139%;1%;162%;138%;118%;132%;-32%;85%;79%;159%;174%;175%;5%;-6%;78%;200%;60%;2%;300%
20/02/2019;160%;154%;182%;164%;176%;166%;164%;#N/D;213%;204%;421%;342%;276%;-23%;374%;81%;262%;-157%;-150%;177%;5%;-5%;64%;-17%;59%;779%;702%
21/02/2019;212%;206%;223%;200%;293%;280%;214%;#N/D;321%;259%;591%;478%;146%;-389%;472%;60%;54%;182%;179%;178%;5%;-5%;88%;-179%;67%;-1781%;-1150%
22/02/2019;-33%;-39%;-41%;-33%;-9%;-15%;10%;#N/D;-135%;-89%;-178%;-132%;126%;624%;342%;60%;54%;183%;185%;177%;5%;-5%;81%;389%;66%;918%;541%
25/02/2019;129%;123%;148%;134%;74%;66%;68%;#N/D;74%;123%;-60%;-39%;77%;-440%;-578%;184%;176%;77%;72%;179%;178%;169%;81%;-101%;-543%;-650%;-302%
26/02/2019;92%;86%;182%;164%;91%;83%;79%;#N/D;97%;95%;101%;89%;168%;42%;-436%;60%;54%;225%;227%;194%;5%;-5%;82%;198%;-334%;664%;141%
27/02/2019;157%;151%;167%;150%;138%;128%;124%;#N/D;177%;166%;137%;118%;526%;765%;-36%;60%;54%;269%;263%;186%;6%;-5%;80%;839%;115%;2797%;1223%
28/02/2019;-306%;-312%;-670%;-652%;60%;52%;43%;#N/D;-317%;-1024%;127%;110%;267%;491%;388%;60%;54%;84%;79%;186%;6%;-5%;81%;340%;785%;1687%;1221%
01/03/2019;-78%;-84%;-245%;-254%;35%;28%;35%;#N/D;-128%;-394%;10%;17%;321%;335%;-33%;-112%;-116%;104%;137%;186%;-69%;-80%;88%;556%;218%;2189%;2111%
06/03/2019;-30%;-36%;-132%;-141%;97%;89%;88%;#N/D;-36%;-257%;117%;102%;257%;329%;-163%;104%;97%;84%;83%;185%;13%;2%;82%;273%;155%;1139%;1018%
07/03/2019;148%;142%;229%;219%;68%;60%;57%;#N/D;73%;165%;74%;68%;-72%;-24%;-266%;731%;715%;8%;-119%;186%;5%;-5%;82%;-23%;-251%;-334%;377%
08/03/2019;202%;196%;243%;233%;195%;184%;179%;#N/D;246%;248%;307%;252%;421%;270%;503%;62%;55%;344%;342%;186%;5%;-5%;80%;471%;268%;935%;227%
11/03/2019;206%;200%;318%;308%;125%;116%;125%;#N/D;175%;390%;-25%;-11%;132%;-181%;297%;75%;69%;497%;493%;283%;9%;-2%;80%;508%;-150%;-26%;-171%
12/03/2019;235%;229%;315%;305%;136%;126%;118%;#N/D;236%;364%;382%;312%;126%;222%;466%;83%;77%;186%;187%;418%;8%;-3%;80%;213%;230%;107%;90%
13/03/2019;147%;141%;191%;182%;69%;61%;59%;#N/D;1048%;221%;1627%;1299%;312%;358%;1436%;60%;54%;461%;454%;200%;6%;-5%;80%;848%;226%;1393%;617%
14/03/2019;43%;37%;-28%;-37%;112%;103%;101%;#N/D;57%;-119%;62%;58%;138%;141%;-508%;62%;55%;63%;70%;288%;6%;-5%;81%;112%;-232%;394%;482%
15/03/2019;229%;222%;345%;334%;159%;149%;158%;#N/D;260%;471%;242%;201%;263%;-106%;102%;-405%;-405%;192%;212%;257%;-889%;-910%;81%;345%;-495%;1404%;1027%
18/03/2019;609%;602%;1002%;917%;210%;198%;199%;#N/D;606%;1555%;273%;226%;245%;32%;869%;73%;65%;305%;320%;201%;10%;-1%;84%;534%;199%;-20%;62%
19/03/2019;-248%;-254%;-567%;-502%;-6%;-14%;-55%;#N/D;-348%;-976%;61%;57%;170%;221%;415%;62%;55%;231%;251%;187%;6%;-5%;79%;287%;754%;569%;5386%
20/03/2019;165%;159%;268%;250%;70%;62%;75%;#N/D;165%;332%;54%;52%;6%;-80%;441%;62%;56%;277%;254%;215%;6%;-5%;79%;190%;144%;-77%;-169%
21/03/2019;5%;-1%;-56%;-57%;50%;42%;53%;#N/D;-10%;-57%;246%;3085%;76%;184%;184%;62%;56%;-51%;-30%;200%;6%;-5%;76%;46%;280%;263%;-19%
22/03/2019;126%;120%;238%;225%;-63%;-70%;107%;#N/D;115%;276%;2917%;-549%;-64%;-376%;-600%;62%;56%;-708%;-700%;263%;6%;-5%;79%;-1010%;-265%;-1252%;-1172%
25/03/2019;147%;141%;145%;131%;79%;70%;69%;#N/D;113%;95%;98%;87%;122%;266%;263%;82%;76%;172%;175%;200%;10%;0%;73%;242%;215%;397%;182%
26/03/2019;243%;237%;342%;304%;208%;199%;182%;#N/D;339%;421%;176%;149%;442%;459%;-88%;62%;56%;-87%;-88%;200%;6%;-5%;62%;217%;1252%;1718%;1400%
27/03/2019;-48%;-54%;-76%;-62%;69%;61%;72%;#N/D;-48%;-158%;437%;356%;-117%;-278%;-702%;66%;59%;-530%;-548%;327%;6%;-4%;55%;-777%;-1329%;-1298%;-777%
28/03/2019;126%;120%;53%;50%;205%;196%;172%;#N/D;200%;3%;342%;281%;195%;-69%;404%;115%;108%;920%;934%;215%;6%;-5%;70%;796%;-106%;-264%;-58%
29/03/2019;78%;72%;55%;51%;121%;112%;121%;#N/D;171%;-8%;202%;169%;382%;416%;557%;53%;47%;157%;180%;215%;3%;-7%;583%;561%;422%;1576%;1564%
01/04/2019;121%;115%;18%;9%;53%;45%;35%;#N/D;9%;56%;-184%;-137%;65%;-408%;339%;-8%;-12%;367%;358%;215%;-54%;-65%;-15%;223%;-87%;-455%;-133%
02/04/2019;208%;203%;257%;241%;184%;175%;160%;#N/D;279%;338%;613%;497%;255%;237%;621%;67%;62%;176%;183%;215%;7%;-4%;73%;371%;394%;685%;393%
03/04/2019;128%;122%;139%;126%;91%;83%;81%;#N/D;105%;142%;165%;140%;179%;286%;79%;165%;158%;-82%;-77%;215%;6%;-4%;25%;102%;215%;789%;1021%
04/04/2019;113%;107%;199%;179%;47%;39%;51%;#N/D;54%;210%;-136%;-100%;50%;-53%;54%;67%;62%;252%;245%;215%;6%;-4%;116%;223%;-111%;-173%;-121%
05/04/2019;221%;215%;190%;170%;253%;244%;233%;#N/D;300%;135%;353%;290%;20%;-394%;-691%;67%;62%;210%;208%;215%;6%;-4%;73%;-223%;-660%;-1779%;-1159%
08/04/2019;29%;23%;-17%;-11%;60%;52%;47%;#N/D;-10%;-39%;80%;72%;-52%;-105%;-339%;94%;88%;-29%;-29%;213%;11%;1%;88%;-224%;-213%;-754%;500%
09/04/2019;58%;52%;40%;38%;90%;81%;92%;#N/D;21%;-11%;-35%;-19%;236%;239%;109%;70%;64%;-172%;-172%;218%;6%;-4%;68%;70%;311%;1151%;-490%
10/04/2019;148%;142%;164%;148%;98%;89%;84%;#N/D;157%;176%;253%;209%;201%;66%;870%;113%;107%;315%;310%;661%;12%;2%;70%;387%;825%;422%;491%
11/04/2019;77%;71%;92%;84%;58%;50%;59%;#N/D;43%;111%;-1%;8%;-137%;11%;-102%;133%;127%;12%;21%;246%;4%;-7%;65%;-344%;-47%;-1098%;-867%
12/04/2019;193%;187%;230%;206%;198%;189%;181%;#N/D;274%;249%;368%;302%;222%;65%;-256%;71%;65%;77%;67%;311%;7%;-3%;73%;59%;-154%;25%;-134%
15/04/2019;-54%;-60%;-175%;-159%;83%;74%;67%;#N/D;-46%;-136%;76%;69%;7%;-606%;306%;-522%;-520%;-85%;-101%;300%;-1042%;-1065%;58%;33%;5%;721%;709%
16/04/2019;61%;55%;36%;27%;126%;117%;119%;#N/D;61%;-16%;173%;146%;122%;30%;479%;71%;66%;98%;103%;225%;7%;-3%;63%;10%;353%;-392%;-1245%
17/04/2019;100%;94%;77%;68%;139%;131%;120%;#N/D;129%;42%;169%;144%;250%;28%;398%;126%;119%;70%;80%;225%;7%;-3%;59%;194%;274%;651%;544%
18/04/2019;145%;139%;194%;184%;96%;88%;86%;#N/D;126%;201%;25%;29%;63%;122%;525%;71%;65%;529%;587%;225%;7%;-3%;66%;318%;195%;57%;356%
22/04/2019;328%;322%;529%;479%;184%;176%;164%;#N/D;323%;327%;1075%;865%;234%;19%;2%;155%;148%;400%;388%;224%;68%;58%;50%;353%;-32%;480%;149%
23/04/2019;100%;94%;136%;123%;54%;45%;46%;#N/D;19%;114%;-171%;-128%;76%;150%;418%;71%;66%;467%;459%;227%;7%;-3%;55%;487%;94%;187%;150%
24/04/2019;758%;752%;507%;443%;258%;248%;229%;#N/D;615%;239%;574%;466%;845%;-142%;228%;71%;65%;665%;699%;227%;7%;-3%;72%;-232%;-200%;-937%;-1298%
25/04/2019;19%;13%;-17%;-9%;98%;89%;77%;#N/D;24%;-112%;-52%;-25%;168%;139%;241%;69%;63%;336%;464%;227%;7%;-3%;73%;266%;152%;276%;455%
26/04/2019;64%;58%;32%;33%;310%;300%;294%;#N/D;186%;-39%;147%;125%;-20%;78%;-308%;435%;424%;554%;511%;311%;579%;576%;257%;-98%;-141%;-946%;-632%
29/04/2019;95%;89%;97%;89%;-61%;-68%;-64%;#N/D;400%;134%;622%;503%;233%;288%;460%;102%;96%;-119%;-65%;241%;15%;5%;45%;287%;35%;348%;-15%
30/04/2019;131%;125%;178%;159%;79%;71%;66%;#N/D;123%;176%;221%;185%;246%;-13%;239%;70%;64%;275%;256%;243%;8%;-3%;-36%;518%;8%;1393%;1588%
02/05/2019;521%;514%;1306%;1119%;143%;134%;131%;0%;357%;311%;178%;150%;480%;-57%;410%;19%;14%;478%;483%;242%;-17%;-27%;30%;169%;1593%;197%;1439%
03/05/2019;233%;227%;-545%;-456%;134%;125%;125%;0%;268%;290%;476%;387%;113%;8%;303%;68%;63%;453%;439%;242%;8%;-3%;-302%;565%;-1658%;-108%;95%
06/05/2019;51%;45%;11%;16%;62%;55%;50%;0%;-14%;-23%;-167%;-124%;-24%;39%;-304%;275%;268%;358%;430%;238%;15%;5%;81%;-148%;-262%;-1077%;-673%
07/05/2019;41%;35%;-8%;0%;94%;85%;94%;0%;24%;-91%;271%;224%;-258%;84%;-352%;-50%;-54%;39%;60%;242%;8%;-3%;41%;-178%;-271%;-626%;-631%
08/05/2019;201%;195%;228%;201%;184%;174%;166%;0%;249%;281%;258%;214%;413%;56%;358%;68%;63%;344%;320%;239%;8%;-3%;26%;239%;96%;-283%;-496%
09/05/2019;166%;160%;190%;169%;73%;65%;65%;98%;122%;250%;35%;37%;-26%;-62%;115%;68%;63%;303%;239%;239%;8%;-3%;30%;5%;-153%;-867%;-1204%
10/05/2019;229%;225%;236%;208%;197%;187%;178%;77%;321%;355%;324%;267%;292%;91%;400%;60%;55%;322%;247%;132%;6%;-5%;37%;294%;86%;6%;-916%
13/05/2019;139%;133%;176%;156%;102%;94%;94%;79%;125%;209%;508%;413%;-279%;-31%;-578%;94%;88%;-22%;12%;231%;13%;3%;41%;-658%;-555%;-2937%;-2119%
14/05/2019;215%;209%;211%;186%;253%;244%;235%;77%;307%;215%;306%;252%;228%;-9%;394%;182%;175%;283%;502%;874%;7%;-4%;39%;421%;48%;-132%;351%
15/05/2019;107%;101%;101%;93%;105%;97%;92%;144%;119%;71%;153%;130%;103%;545%;91%;494%;482%;149%;14%;277%;726%;724%;40%;-31%;273%;-473%;-635%
16/05/2019;-398%;-406%;-1365%;-1187%;-281%;-287%;-132%;64%;-855%;27%;141%;121%;154%;-31170%;-2028%;-24780%;-24447%;-228%;-198%;183%;-12701%;-12868%;39%;-150%;-10942%;512%;912%
17/05/2019;-19%;-25%;-37%;-46%;75%;67%;69%;104%;-55%;20%;94%;84%;23%;47%;-190%;60%;54%;-298%;-259%;181%;2%;-9%;34%;-209%;93%;58%;236%
20/05/2019;199%;193%;218%;208%;203%;193%;180%;103%;224%;214%;270%;224%;77%;-20%;190%;84%;-12068%;492%;391%;180%;4%;-6%;39%;70%;-69%;-1023%;-1427%
21/05/2019;106%;98%;149%;138%;69%;60%;69%;101%;88%;91%;68%;62%;257%;-160%;728%;58%;51%;458%;439%;175%;2%;-10%;38%;796%;300%;1731%;1897%
22/05/2019;252%;246%;296%;274%;241%;231%;205%;93%;329%;330%;274%;227%;408%;-117%;482%;58%;52%;267%;221%;175%;2%;-9%;40%;388%;137%;1412%;1393%
23/05/2019;131%;125%;150%;136%;141%;132%;119%;103%;154%;110%;122%;106%;172%;174%;239%;58%;52%;198%;195%;173%;2%;-9%;44%;250%;75%;314%;860%
24/05/2019;193%;187%;186%;168%;143%;134%;112%;120%;195%;205%;215%;177%;122%;11%;234%;58%;52%;219%;230%;173%;2%;-9%;38%;179%;18%;61%;1236%
27/05/2019;129%;123%;-77%;-66%;207%;197%;161%;618%;169%;17%;363%;298%;297%;-48%;437%;75%;68%;322%;302%;122%;4%;-7%;80%;393%;248%;590%;756%
28/05/2019;109%;103%;94%;87%;103%;94%;124%;113%;137%;-42%;206%;173%;95%;-28%;452%;57%;50%;851%;821%;167%;1%;-9%;47%;790%;-67%;-579%;-100%
29/05/2019;109%;103%;304%;273%;200%;190%;184%;143%;293%;48%;196%;165%;203%;16%;282%;57%;50%;313%;319%;174%;1%;-9%;-35%;428%;87%;-124%;942%
30/05/2019;-6%;-11%;-14%;-10%;-26%;-34%;-19%;-25%;-58%;-85%;-72%;-49%;147%;17%;301%;57%;50%;310%;312%;170%;1%;-9%;87%;556%;-151%;1602%;1521%
31/05/2019;181%;175%;207%;187%;150%;141%;155%;134%;197%;250%;223%;186%;368%;-532%;521%;-1345%;-1313%;203%;188%;170%;-473%;-489%;-25%;578%;-88%;1870%;2474%
03/06/2019;227%;221%;267%;239%;125%;116%;115%;62%;199%;293%;52%;49%;75%;235%;12%;65%;58%;210%;154%;170%;3%;-7%;38%;437%;-89%;-242%;190%
04/06/2019;240%;234%;279%;247%;252%;242%;39%;146%;175%;307%;251%;207%;24%;78%;50%;50%;43%;239%;244%;170%;0%;-10%;35%;96%;29%;-784%;-1354%
05/06/2019;182%;176%;235%;208%;549%;537%;488%;104%;334%;159%;20%;7%;210%;-155%;167%;118%;108%;545%;793%;170%;1%;-9%;39%;27%;-27%;-723%;-33%
06/06/2019;223%;217%;179%;160%;108%;100%;120%;103%;190%;151%;413%;337%;77%;122%;548%;52%;46%;181%;443%;151%;1%;-9%;37%;654%;357%;-380%;-737%
07/06/2019;160%;154%;136%;123%;82%;73%;66%;92%;126%;65%;431%;351%;88%;9%;586%;37%;31%;652%;511%;-98%;1%;-10%;-3998%;715%;140%;363%;450%
10/06/2019;174%;168%;563%;487%;139%;130%;77%;73%;73%;116%;6%;12%;283%;-3%;865%;56%;49%;309%;271%;177%;3%;-8%;4099%;371%;559%;786%;1050%
11/06/2019;142%;136%;-213%;-174%;152%;143%;95%;-13%;146%;102%;124%;106%;145%;70%;170%;50%;44%;-3767%;-85%;136%;2%;-9%;38%;360%;-61%;333%;251%
12/06/2019;49%;43%;77%;72%;188%;178%;159%;236%;125%;56%;301%;248%;238%;-13%;112%;50%;43%;-203%;-166%;161%;0%;-10%;41%;-53%;683%;1153%;746%
13/06/2019;-6%;-12%;57%;55%;18%;10%;37%;143%;-54%;-17%;-7%;2%;160%;45%;309%;123%;114%;206%;219%;149%;0%;-10%;37%;493%;211%;1356%;-171%
14/06/2019;-1890%;-1895%;101%;93%;148%;139%;152%;104%;106%;61%;173%;145%;-790%;-28763%;-552%;-34250%;-33332%;381%;399%;59%;-43561%;-44127%;44%;420%;181%;569%;729%
17/06/2019;187%;181%;211%;187%;263%;254%;248%;254%;281%;200%;91%;80%;274%;115%;269%;61%;53%;-121%;62%;196%;2%;-9%;-52%;138%;-10396%;-56%;-167%
18/06/2019;104%;97%;112%;102%;-84%;-91%;-9%;94%;107%;122%;259%;214%;46%;16%;500%;55%;47%;292%;156%;130%;1%;-11%;38%;212%;374%;-23%;49%
19/06/2019;120%;114%;159%;143%;3%;-5%;6%;29%;53%;155%;52%;49%;251%;15%;374%;55%;47%;2325%;-337%;130%;1%;-10%;25%;683%;156%;2185%;1101%
21/06/2019;241%;235%;233%;206%;41%;33%;2%;17%;142%;202%;168%;141%;134%;52%;797%;58%;50%;-1435%;858%;131%;1%;-10%;36%;1252%;81%;541%;317%
24/06/2019;145%;139%;153%;137%;147%;139%;156%;73%;99%;140%;25%;28%;125%;24%;-78%;61%;53%;168%;40%;127%;2%;-9%;39%;168%;-149%;147%;302%
25/06/2019;121%;115%;104%;95%;217%;206%;174%;93%;36%;90%;327%;268%;92%;26%;-222%;54%;47%;-224%;-133%;124%;0%;-10%;33%;-446%;-2%;-525%;-488%
26/06/2019;23%;17%;20%;24%;42%;34%;41%;25%;74%;-5%;-485%;-378%;247%;330%;445%;678%;652%;210%;217%;85%;948%;951%;39%;366%;595%;1136%;1224%
27/06/2019;248%;242%;182%;161%;118%;109%;107%;103%;149%;170%;293%;241%;16%;56%;181%;87%;79%;328%;274%;298%;41%;31%;52%;147%;-107%;-762%;-236%
28/06/2019;317%;311%;234%;206%;119%;110%;113%;3%;177%;263%;234%;194%;290%;-370%;637%;-207%;-207%;294%;372%;117%;-351%;-367%;13287%;699%;-1275%;1518%;2329%
01/07/2019;20%;14%;-141%;-151%;-3%;-9%;17%;-151%;-81%;626%;-291%;-305%;73%;72%;123%;134%;126%;200%;172%;234%;3%;-7%;38%;436%;333%;1355%;1183%
02/07/2019;46%;40%;81%;72%;69%;61%;66%;34%;229%;-417%;138%;123%;213%;59%;245%;53%;47%;-171%;-124%;-7%;2%;-8%;39%;-49%;352%;1518%;204%
03/07/2019;208%;201%;188%;179%;201%;189%;172%;256%;215%;169%;370%;352%;335%;-11%;589%;118%;110%;304%;267%;117%;2%;-8%;-12%;517%;184%;1020%;632%
04/07/2019;125%;119%;132%;122%;104%;96%;64%;112%;67%;61%;-27%;-42%;44%;-47%;306%;53%;46%;377%;348%;117%;1%;-9%;36%;355%;-118%;-219%;211%
05/07/2019;61%;55%;76%;66%;96%;88%;83%;121%;66%;0%;-183%;-196%;120%;22%;295%;53%;46%;129%;129%;117%;1%;-9%;29%;205%;76%;340%;314%
08/07/2019;86%;80%;75%;65%;47%;39%;34%;65%;131%;25%;-254%;-269%;1%;35%;169%;53%;46%;464%;388%;111%;2%;-8%;37%;292%;-105%;-411%;-176%
09/07/2019;102%;96%;106%;96%;107%;98%;99%;97%;101%;91%;69%;53%;87%;10%;121%;53%;46%;95%;94%;116%;1%;-9%;36%;85%;24%;-7%;-9%
10/07/2019;142%;136%;85%;76%;125%;116%;87%;143%;319%;79%;329%;312%;170%;13%;713%;61%;54%;531%;441%;222%;3%;-8%;36%;787%;97%;304%;-120%
11/07/2019;142%;136%;164%;154%;119%;110%;113%;53%;101%;138%;131%;115%;19%;81%;289%;103%;95%;182%;149%;122%;0%;-10%;-79%;46%;181%;-829%;-311%
12/07/2019;190%;184%;239%;229%;217%;207%;190%;255%;229%;265%;541%;524%;271%;9%;312%;53%;47%;-19%;-3%;98%;1%;-9%;36%;236%;215%;831%;689%
15/07/2019;149%;143%;141%;131%;122%;113%;120%;203%;196%;213%;-605%;-616%;-76%;61%;-187%;55%;48%;72%;66%;166%;2%;-8%;52%;-335%;-162%;-1749%;-1051%
16/07/2019;80%;74%;83%;74%;48%;40%;47%;-30%;86%;83%;148%;132%;168%;56%;97%;53%;47%;-189%;-129%;144%;1%;-9%;13375%;107%;236%;1182%;1176%
17/07/2019;91%;84%;94%;84%;183%;174%;173%;307%;121%;127%;304%;287%;193%;54%;254%;53%;46%;29%;27%;173%;1%;-10%;55%;133%;197%;453%;-19%
18/07/2019;146%;140%;127%;117%;49%;41%;62%;-178%;130%;93%;149%;133%;122%;-68%;123%;53%;47%;156%;145%;137%;1%;-9%;48%;343%;-44%;995%;1036%
19/07/2019;108%;102%;103%;93%;114%;106%;118%;94%;129%;95%;433%;414%;-37%;8%;-167%;53%;47%;-7%;2%;152%;1%;-9%;38%;-261%;-158%;-1232%;-1485%
22/07/2019;117%;111%;106%;96%;74%;65%;43%;-10%;19%;89%;41%;26%;483%;9%;497%;54%;47%;156%;134%;148%;1%;-9%;69%;649%;258%;2427%;2711%
23/07/2019;117%;111%;158%;148%;140%;131%;177%;235%;245%;179%;354%;335%;-71%;61%;18%;53%;47%;264%;218%;146%;1%;-9%;-421%;-96%;-567%;-1208%;-1592%
24/07/2019;193%;187%;238%;216%;170%;161%;163%;225%;157%;219%;119%;103%;93%;6%;161%;53%;47%;226%;220%;137%;1%;-9%;-35%;29%;-58%;-530%;-78%
25/07/2019;81%;75%;107%;98%;80%;71%;87%;91%;120%;116%;261%;243%;7%;-23%;-56%;54%;48%;-106%;-70%;144%;1%;-9%;-64%;-204%;-25%;-346%;-533%
26/07/2019;126%;120%;150%;135%;169%;160%;148%;246%;169%;124%;134%;118%;266%;-34%;384%;54%;48%;225%;190%;137%;1%;-9%;82%;343%;176%;1159%;1001%
29/07/2019;56%;50%;65%;62%;22%;14%;21%;-80%;348%;49%;263%;244%;392%;14%;1241%;57%;50%;93%;85%;144%;0%;-10%;96%;582%;442%;2666%;2959%
30/07/2019;65%;59%;31%;33%;45%;38%;44%;9%;3%;-41%;-188%;-198%;66%;59%;-131%;54%;48%;-44%;12%;144%;0%;-11%;-120%;107%;-25%;434%;619%
31/07/2019;66%;60%;41%;32%;131%;122%;140%;167%;153%;42%;402%;381%;268%;-3588%;199%;-1408%;-1373%;-95%;-67%;144%;-1056%;-1079%;-7680%;220%;-7486%;1659%;1296%
01/08/2019;31%;25%;-9%;-18%;-26%;-33%;-11%;-73%;-43%;-22%;-374%;-382%;23%;19%;203%;53%;47%;227%;231%;143%;0%;-11%;32%;486%;541%;668%;736%
02/08/2019;124%;118%;139%;129%;100%;91%;67%;115%;33%;127%;87%;70%;400%;42%;759%;61%;54%;200%;213%;157%;0%;-12%;54%;655%;-19311%;2358%;2399%
05/08/2019;104%;97%;227%;216%;96%;86%;118%;-76%;238%;224%;241%;223%;-306%;-15%;-674%;92%;84%;-506%;-382%;148%;0%;-11%;29%;-1212%;-376%;-2986%;-3374%
06/08/2019;311%;305%;362%;323%;260%;249%;131%;384%;294%;172%;360%;339%;88%;-15%;1117%;58%;52%;756%;650%;141%;-1%;-13%;56%;1105%;316%;1302%;1354%
07/08/2019;147%;141%;195%;172%;76%;66%;59%;347%;157%;116%;56%;40%;-83%;24%;527%;61%;54%;517%;563%;157%;0%;-12%;49%;268%;118%;-548%;-240%
08/08/2019;56%;49%;87%;81%;85%;76%;49%;133%;-48%;-63%;-577%;-587%;386%;10%;577%;55%;48%;216%;164%;84%;282%;270%;-2451%;698%;158%;1501%;668%
09/08/2019;132%;125%;168%;149%;175%;165%;159%;198%;204%;198%;173%;156%;41%;37%;-120%;60%;53%;123%;109%;153%;-282%;-297%;33%;-108%;-197%;-1029%;-392%
12/08/2019;30%;24%;1%;8%;-20%;-28%;19%;-167%;-37%;25%;-320%;-336%;-17%;10%;-476%;68%;61%;-234%;-195%;156%;1%;-11%;38%;-297%;-388%;-610%;-903%
13/08/2019;214%;207%;235%;206%;226%;215%;230%;100%;280%;280%;493%;475%;316%;-18%;276%;201%;190%;211%;205%;154%;0%;-12%;40%;370%;-2%;728%;1230%
14/08/2019;128%;122%;136%;122%;68%;59%;80%;206%;174%;136%;-63%;-80%;30%;9%;-247%;526%;505%;-357%;-53%;191%;0%;-12%;36%;-310%;-70%;-415%;-49%
15/08/2019;200%;193%;178%;158%;166%;156%;151%;29%;117%;312%;-13%;-29%;236%;9%;290%;59%;52%;543%;256%;159%;0%;-12%;39%;66%;79%;-480%;-583%
16/08/2019;226%;219%;164%;146%;171%;161%;136%;441%;102%;105%;-133%;-149%;150%;20%;530%;59%;52%;493%;288%;153%;0%;-12%;43%;512%;148%;745%;1086%
19/08/2019;13%;7%;155%;138%;177%;167%;203%;264%;218%;186%;-17%;-34%;210%;-85%;-106%;67%;59%;-67%;-54%;164%;1%;-11%;38%;-83%;-116%;745%;256%
20/08/2019;126%;119%;103%;94%;116%;107%;70%;269%;128%;84%;214%;197%;244%;-68%;306%;60%;-17585%;-247%;-32%;199%;0%;-12%;44%;209%;-27%;745%;45%
21/08/2019;162%;156%;175%;155%;203%;192%;172%;270%;108%;130%;264%;246%;134%;3%;570%;59%;53%;338%;296%;158%;0%;-12%;43%;317%;18%;745%;-126%
22/08/2019;146%;140%;122%;110%;98%;90%;122%;121%;169%;153%;225%;207%;324%;-8%;194%;59%;53%;79%;34%;158%;0%;-12%;32%;260%;164%;745%;2131%
23/08/2019;36%;29%;14%;18%;-63%;-70%;-34%;360%;12%;19%;-154%;-168%;-32%;-14%;-102%;59%;28%;-39%;-33%;124%;0%;-12%;35%;-61%;89%;745%;-89%
26/08/2019;5%;-2%;-34%;2%;6%;-2%;40%;100%;8%;68%;-148%;-163%;1%;-538%;-224%;66%;-6%;-490%;-394%;153%;-341%;-357%;34%;-342%;93%;745%;50%
27/08/2019;179%;172%;210%;184%;206%;196%;-18%;243%;40%;-314%;378%;358%;-251%;6%;-536%;58%;53%;-247%;-162%;153%;0%;-12%;28%;-472%;-106%;745%;-614%
28/08/2019;115%;108%;133%;119%;153%;143%;167%;113%;205%;137%;337%;318%;53%;11%;-618%;58%;53%;-532%;-409%;153%;341%;334%;37%;-523%;-124%;745%;146%
29/08/2019;105%;99%;125%;113%;88%;79%;73%;46%;101%;94%;148%;131%;223%;8%;107%;58%;53%;61%;80%;153%;0%;-12%;39%;263%;-192%;745%;721%
30/08/2019;123%;117%;126%;113%;111%;102%;62%;353%;24%;29%;10%;-6%;313%;16%;1004%;58%;53%;646%;552%;155%;0%;-12%;0%;0%;0%;745%;1733%